<?xml version="1.0" encoding="UTF-8"?>
<project-private xmlns="http://www.netbeans.org/ns/project-private/1">
    <editor-bookmarks xmlns="http://www.netbeans.org/ns/editor-bookmarks/2" lastBookmarkId="0"/>
    <open-files xmlns="http://www.netbeans.org/ns/projectui-open-files/2">
        <group>
            <file>file:/F:/Documentos/NetBeansProjects/DAM/UT2_A2/src/ut2_a2/UT2_A2.java</file>
            <file>file:/F:/Documentos/NetBeansProjects/DAM/UT2_A2/src/ut2_a2/PostAcceso.java</file>
            <file>file:/F:/Documentos/NetBeansProjects/DAM/UT2_A2/src/ut2_a2/VentanaPrincipal.java</file>
            <file>file:/F:/Documentos/NetBeansProjects/DAM/UT2_A2/src/ut2_a2/VentanaGridLayout.java</file>
            <file>file:/F:/Documentos/NetBeansProjects/DAM/UT2_A2/src/ut2_a2/VentanaGridBagLayout.java</file>
            <file>file:/F:/Documentos/NetBeansProjects/DAM/UT2_A2/src/ut2_a2/Verificador.java</file>
        </group>
    </open-files>
</project-private>
